area error,concave points error,concavity error,mean area,mean compactness,mean concave points,mean concavity,mean perimeter,mean radius,perimeter error,radius error,worst area,worst compactness,worst concave points,worst concavity,worst perimeter,worst radius,worst symmetry,worst texture
94.03,0.02058,0.03832,1203.0,0.1599,0.1279,0.1974,130.0,19.69,4.585,0.7456,1709.0,0.4245,0.243,0.4504,152.5,23.57,0.3613,25.53
94.44,0.01885,0.05688,1297.0,0.1328,0.1043,0.198,135.1,20.29,5.438,0.7572,1575.0,0.205,0.1625,0.4,152.2,22.54,0.2364,16.67
53.91,0.01039,0.02254,1040.0,0.109,0.074,0.1127,119.6,18.25,3.18,0.4467,1606.0,0.2576,0.1932,0.3784,153.2,22.88,0.3063,27.66
50.96,0.01448,0.02488,577.9,0.1645,0.05985,0.09366,90.2,13.71,3.856,0.5835,897.0,0.3682,0.1556,0.2678,110.6,17.06,0.3196,28.14
40.51,0.007591,0.01101,797.8,0.06669,0.03323,0.03299,102.7,16.02,2.466,0.3795,1150.0,0.1551,0.09975,0.1459,123.8,19.19,0.2948,33.88
54.16,0.01282,0.02791,781.0,0.1292,0.06606,0.09954,103.6,15.78,3.564,0.5058,1299.0,0.5609,0.181,0.3965,136.5,20.42,0.3792,27.28
36.58,0.01992,0.05051,782.7,0.1002,0.05364,0.09938,103.7,15.85,2.903,0.4033,876.5,0.1924,0.1119,0.2322,112.0,16.84,0.2809,27.66
45.4,0.01109,0.01998,684.5,0.072,0.05259,0.07395,94.74,14.68,3.195,0.4727,1138.0,0.1871,0.1609,0.2914,123.4,19.07,0.3029,30.88
54.18,0.01297,0.03188,798.8,0.2022,0.1028,0.1722,108.1,16.13,3.854,0.5692,1315.0,0.4233,0.2073,0.4784,136.8,20.96,0.3706,31.48
23.56,0.01315,0.02387,566.3,0.08129,0.04781,0.06664,87.46,13.54,2.058,0.2699,711.2,0.1773,0.1288,0.239,99.7,15.11,0.2977,19.26
14.67,0.00649,0.01698,520.0,0.127,0.0311,0.04568,85.63,13.08,1.383,0.1852,630.5,0.2776,0.07283,0.189,96.09,14.5,0.3184,20.49
15.7,0.01421,0.01985,273.9,0.06492,0.02076,0.02956,60.34,9.504,1.909,0.2773,314.9,0.1148,0.06227,0.08867,65.13,10.23,0.245,15.66
93.54,0.01911,0.05081,1094.0,0.1066,0.07731,0.149,122.1,18.61,5.632,0.8529,1403.0,0.2117,0.149,0.3446,139.9,21.31,0.2341,27.26
61.1,0.01354,0.03407,955.1,0.1157,0.07953,0.09875,115.0,17.57,4.655,0.6003,1227.0,0.2812,0.1456,0.2489,134.9,20.01,0.2756,19.52
67.78,0.01112,0.05042,899.3,0.1496,0.1203,0.2417,112.8,17.02,3.999,0.6009,1344.0,0.3559,0.1847,0.5588,136.1,20.88,0.353,32.09
24.91,0.01161,0.04815,633.0,0.1098,0.05598,0.1319,93.63,14.25,2.657,0.286,799.6,0.4238,0.1447,0.5186,116.2,15.89,0.3591,30.36
14.16,0.01164,0.01343,523.8,0.03766,0.02923,0.02562,82.61,13.03,1.17,0.1839,545.9,0.04619,0.05013,0.04833,84.46,13.3,0.1987,22.81
18.52,0.01262,0.03049,559.2,0.1255,0.05439,0.1063,88.4,13.48,1.545,0.213,740.4,0.4225,0.2258,0.503,107.3,15.53,0.2807,26.02
20.53,0.006881,0.0139,563.0,0.06031,0.02031,0.0311,86.18,13.44,1.572,0.2385,787.9,0.2043,0.1112,0.2085,102.5,15.93,0.2994,30.25
16.97,0.01037,0.02595,371.1,0.1218,0.05669,0.1044,71.9,10.95,1.822,0.2366,514.0,0.2698,0.1424,0.4023,87.22,12.84,0.2964,35.34
31.33,0.00956,0.02185,545.2,0.1436,0.06158,0.09847,87.32,13.28,2.427,0.3704,907.2,0.3724,0.1492,0.3664,113.1,17.38,0.3739,28.0
14.49,0.006853,0.01452,531.5,0.1047,0.05252,0.08259,85.42,13.17,1.334,0.1938,740.7,0.3904,0.1607,0.3728,105.5,16.23,0.3693,29.89
8.205,0.005917,0.01588,201.9,0.05943,0.005917,0.01588,51.71,8.196,1.094,0.1563,242.2,0.1357,0.02564,0.0688,57.26,8.964,0.3105,21.96
19.87,0.00566,0.02322,449.3,0.09092,0.02749,0.06592,78.04,12.05,1.848,0.2636,582.6,0.2156,0.06548,0.305,89.88,13.76,0.2747,20.7
20.2,0.01184,0.02095,561.0,0.07698,0.03384,0.04751,86.91,13.49,1.735,0.2338,698.8,0.1711,0.1282,0.2282,99.0,15.15,0.2871,31.82
28.47,0.007445,0.01168,427.9,0.04966,0.01115,0.01657,74.72,11.76,2.635,0.4062,516.5,0.08615,0.03715,0.05523,82.98,12.98,0.2433,25.72
14.55,0.007956,0.01079,571.8,0.06059,0.01723,0.01857,87.21,13.64,1.449,0.1872,656.7,0.1582,0.08586,0.105,96.08,14.67,0.2346,23.19
17.47,0.008,0.01311,437.6,0.04751,0.01349,0.01972,75.71,11.94,1.52,0.2273,527.2,0.08906,0.06296,0.09203,83.67,13.1,0.2785,21.33
29.91,0.009222,0.01603,712.8,0.07081,0.03334,0.05253,97.26,15.1,2.097,0.3105,1030.0,0.2057,0.153,0.2712,117.7,18.1,0.2675,31.69
23.47,0.00867,0.01349,409.0,0.05473,0.02278,0.03036,73.34,11.52,2.183,0.3249,506.2,0.0872,0.06316,0.09076,81.81,12.84,0.3306,22.47
40.09,0.01272,0.02572,656.9,0.1365,0.08123,0.1293,95.55,14.71,2.735,0.4226,985.5,0.429,0.1834,0.3587,115.7,17.87,0.3698,30.7
32.96,0.004167,0.000692,527.2,0.03789,0.004167,0.000692,82.61,13.05,2.595,0.404,624.1,0.06191,0.01111,0.001845,90.24,14.23,0.2439,22.25
8.322,0.005742,0.01981,224.5,0.05272,0.007799,0.02061,54.34,8.618,1.046,0.1559,274.9,0.1239,0.04419,0.1168,59.9,9.507,0.322,15.4
18.39,0.009259,0.03,221.8,0.08963,0.009259,0.03,54.66,8.598,2.493,0.3582,273.9,0.1698,0.02778,0.09001,62.06,9.565,0.2972,27.04
36.46,0.0129,0.02973,499.0,0.1262,0.06873,0.1128,82.69,12.68,2.927,0.4255,888.3,0.4061,0.1716,0.4024,111.8,17.09,0.3383,33.47
35.24,0.01184,0.02315,668.3,0.1479,0.09029,0.1267,97.4,14.78,2.45,0.3577,925.1,0.3416,0.1614,0.3024,114.6,17.31,0.3321,33.39
14.2,0.009333,0.01714,269.4,0.07773,0.01504,0.02172,60.11,9.465,1.66,0.2351,330.7,0.1664,0.06517,0.09412,67.03,10.41,0.2878,31.56
18.15,0.008965,0.02063,394.1,0.04701,0.0223,0.03709,71.8,11.31,1.831,0.2727,466.7,0.09148,0.06961,0.1444,78.0,12.33,0.24,23.84
18.33,0.008662,0.01585,502.5,0.05234,0.02864,0.03653,81.37,12.78,1.471,0.2368,554.9,0.07061,0.05882,0.1039,85.67,13.46,0.2383,19.76
96.05,0.0137,0.02269,1130.0,0.1029,0.07951,0.108,123.6,18.94,5.486,0.7888,1866.0,0.2336,0.1789,0.2687,165.9,24.86,0.2551,26.58
23.35,0.009206,0.01759,584.1,0.128,0.05069,0.07789,90.43,13.8,1.957,0.2787,812.4,0.3542,0.1383,0.2779,110.3,16.57,0.2589,20.86
19.68,0.007965,0.01826,470.9,0.06829,0.02272,0.03372,79.19,12.31,1.74,0.2505,611.1,0.1843,0.0866,0.1703,89.71,14.11,0.2618,23.21
79.25,0.01809,0.035,817.7,0.08424,0.06638,0.09769,104.1,16.07,5.029,0.7474,1223.0,0.2045,0.152,0.2829,128.8,19.77,0.265,24.56
32.65,0.008239,0.01162,559.2,0.1047,0.06556,0.06877,87.91,13.53,2.652,0.4101,605.5,0.1379,0.07407,0.08539,91.36,14.08,0.271,12.49
20.35,0.008179,0.02071,506.3,0.09546,0.02315,0.03889,83.19,12.86,1.778,0.2655,622.1,0.2141,0.07926,0.1731,91.88,14.24,0.2779,24.82
24.62,0.007506,0.02586,401.5,0.09362,0.02233,0.04591,73.81,11.45,2.077,0.3251,525.1,0.1676,0.06127,0.1755,84.53,13.11,0.2762,32.16
12.96,0.01383,0.0398,520.0,0.1535,0.06987,0.1169,86.49,13.34,1.535,0.286,614.9,0.4791,0.1708,0.4858,96.66,15.53,0.3527,23.19
16.16,0.007027,0.02007,443.3,0.07165,0.01863,0.04151,76.95,12.0,1.441,0.2271,567.9,0.2003,0.07632,0.2267,87.78,13.67,0.3379,24.9
80.6,0.0142,0.02806,1075.0,0.1053,0.08795,0.1335,121.1,18.46,4.782,0.6997,1603.0,0.2089,0.1642,0.3157,152.2,22.93,0.3695,27.68
38.87,0.01761,0.05371,648.2,0.09947,0.04938,0.1204,94.25,14.48,3.301,0.4204,808.9,0.1976,0.1225,0.3349,108.4,16.21,0.302,29.25
57.65,0.012,0.0371,1076.0,0.1206,0.08271,0.1468,122.0,19.02,3.055,0.5495,1623.0,0.3206,0.1956,0.5755,152.9,24.56,0.3956,30.41
20.95,0.01293,0.02703,466.1,0.09445,0.03745,0.06015,79.78,12.36,2.203,0.2978,574.7,0.2463,0.1205,0.2434,91.46,13.83,0.2972,30.5
42.76,0.01623,0.04436,651.9,0.1339,0.07064,0.09966,95.77,14.64,3.814,0.5115,803.6,0.3089,0.1397,0.2604,109.4,16.34,0.3151,18.24
33.76,0.008606,0.01121,662.7,0.08606,0.02957,0.03102,94.57,14.62,2.279,0.3721,803.7,0.1766,0.06946,0.09189,102.9,16.11,0.2522,29.11
29.44,0.01763,0.04531,728.2,0.1036,0.07483,0.1122,100.2,15.37,2.075,0.3129,830.9,0.1997,0.1476,0.2846,107.5,16.43,0.2556,25.84
36.35,0.01082,0.01358,551.7,0.05055,0.02648,0.03261,84.74,13.27,2.701,0.4057,830.6,0.1238,0.1001,0.135,104.5,16.36,0.2027,22.35
25.22,0.009366,0.01872,555.1,0.08165,0.0278,0.03974,86.6,13.45,2.099,0.295,699.4,0.1751,0.07911,0.1381,97.59,15.1,0.2678,25.94
47.14,0.01851,0.04867,705.6,0.1553,0.08815,0.17,100.3,15.06,3.706,0.4768,1025.0,0.4203,0.2115,0.5203,123.5,18.23,0.2834,24.23
87.87,0.01269,0.04232,1264.0,0.1313,0.08683,0.1465,132.4,20.26,4.554,0.7576,1750.0,0.3539,0.1573,0.4098,156.1,24.22,0.3689,31.59
24.44,0.01519,0.01131,451.1,0.07057,0.02941,0.0249,77.79,12.18,2.41,0.3661,495.2,0.09358,0.05882,0.0498,82.14,12.83,0.2227,20.92
20.05,0.00525,0.005308,294.5,0.05301,0.007937,0.006829,62.11,9.787,2.132,0.335,366.1,0.09473,0.02381,0.02049,68.81,10.92,0.1934,26.29
15.75,0.006884,0.01693,412.6,0.07525,0.0335,0.04196,74.34,11.6,1.475,0.2315,512.5,0.1851,0.08449,0.1922,82.96,13.06,0.2772,17.16
26.85,0.01424,0.03321,642.5,0.1141,0.05839,0.09388,94.48,14.42,2.376,0.2895,826.4,0.3026,0.1565,0.3194,109.5,16.33,0.2718,30.86
43.14,0.009921,0.02647,582.7,0.08511,0.04489,0.08625,88.05,13.61,2.861,0.4565,906.5,0.1943,0.1184,0.3169,108.6,16.99,0.2651,35.27
9.833,0.0,0.0,143.5,0.07568,0.0,0.0,43.79,6.981,1.553,0.2241,185.2,0.1202,0.0,0.0,50.41,7.93,0.2932,19.54
14.68,0.006797,0.01069,458.7,0.04038,0.0177,0.02383,77.22,12.18,1.183,0.1924,547.8,0.08862,0.07431,0.1145,84.58,13.34,0.2694,32.84
11.77,0.01112,0.03029,298.3,0.09697,0.03029,0.06154,63.95,9.876,1.528,0.1803,361.2,0.2302,0.09749,0.2644,72.22,10.76,0.2622,26.83
23.13,0.008614,0.0288,336.1,0.08578,0.01201,0.02995,67.41,10.49,2.302,0.355,402.8,0.1486,0.03203,0.07987,74.22,11.54,0.2826,23.31
20.62,0.01398,0.02945,412.5,0.1017,0.03485,0.0707,75.17,11.64,2.155,0.306,521.7,0.266,0.1218,0.2873,85.51,13.14,0.2806,29.26
9.227,0.005558,0.01167,466.7,0.06815,0.01921,0.02643,79.01,12.36,0.8484,0.1199,544.1,0.1963,0.08442,0.1937,85.56,13.29,0.2983,27.49
16.41,0.006435,0.02443,396.5,0.06575,0.01899,0.05133,72.48,11.34,1.597,0.2344,518.1,0.2196,0.08278,0.312,83.99,13.01,0.2829,29.15
22.87,0.01023,0.02722,290.2,0.08404,0.01778,0.04334,62.5,9.777,2.747,0.403,367.0,0.1765,0.05334,0.13,71.68,11.05,0.2533,21.47
20.48,0.02295,0.05101,480.4,0.1209,0.06021,0.1065,82.15,12.63,2.711,0.3424,527.4,0.225,0.1105,0.2216,89.0,13.33,0.2226,25.47
19.91,0.01544,0.04591,334.2,0.1303,0.03068,0.06476,68.64,10.51,2.041,0.3336,374.4,0.2049,0.06136,0.1295,72.62,11.16,0.2383,22.75
8.966,0.0104,0.03259,230.9,0.08201,0.01924,0.04132,55.84,8.726,1.354,0.1665,284.4,0.2364,0.105,0.2456,64.48,9.628,0.2926,19.62
24.79,0.007711,0.01835,438.6,0.07849,0.02008,0.03328,76.53,11.93,2.0,0.3118,583.0,0.2399,0.07247,0.1503,87.54,13.67,0.2438,26.15
41.18,0.01271,0.03011,682.5,0.1649,0.08923,0.169,98.64,14.87,2.989,0.4266,1095.0,0.448,0.2027,0.4704,127.1,18.81,0.3585,27.37
10.5,0.00646,0.01514,403.3,0.06685,0.02623,0.03512,73.34,11.41,1.103,0.1408,510.5,0.239,0.08958,0.2102,83.74,12.82,0.3016,15.97
90.47,0.01601,0.03342,1077.0,0.11,0.08665,0.1457,121.4,18.66,4.895,0.7128,1549.0,0.2291,0.1674,0.3272,145.4,22.25,0.2894,24.9
24.19,0.012,0.02882,640.7,0.1099,0.05778,0.08842,94.28,14.5,1.928,0.2929,745.5,0.1788,0.1221,0.256,102.8,15.7,0.2889,15.98
14.66,0.01038,0.04957,553.5,0.07325,0.028,0.08092,86.1,13.37,1.223,0.1639,632.1,0.2531,0.08978,0.3308,91.99,14.26,0.2048,22.75
17.91,0.004814,0.009127,588.7,0.06136,0.01141,0.0142,88.44,13.85,1.495,0.2185,725.9,0.135,0.05104,0.08115,100.3,15.49,0.2364,23.58
19.83,0.00688,0.01796,572.6,0.07862,0.03085,0.05285,87.76,13.61,1.752,0.231,848.7,0.2884,0.1329,0.3796,113.2,16.89,0.347,35.64
81.23,0.01361,0.0404,1138.0,0.08028,0.05627,0.09271,123.4,19.0,5.216,0.6896,1538.0,0.2264,0.1218,0.3207,148.2,22.32,0.2841,25.73
39.84,0.02258,0.03204,674.5,0.1807,0.08534,0.1138,99.58,15.1,2.796,0.4309,762.6,0.2883,0.1423,0.196,105.9,16.11,0.259,18.33
63.33,0.01043,0.04755,1192.0,0.1589,0.1149,0.2545,130.4,19.79,2.765,0.4953,1589.0,0.3861,0.1732,0.5673,148.7,22.63,0.3305,33.58
15.24,0.008094,0.01018,455.8,0.09509,0.02882,0.02855,79.08,12.19,1.973,0.2005,545.2,0.2585,0.08187,0.09915,91.38,13.34,0.3469,17.81
48.31,0.01093,0.02813,748.9,0.1223,0.08087,0.1466,101.7,15.46,3.094,0.4743,1156.0,0.2394,0.1514,0.3791,124.9,19.26,0.2837,26.0
43.68,0.009231,0.02219,809.8,0.1284,0.05613,0.1043,106.2,16.16,2.844,0.4332,1175.0,0.3055,0.1312,0.2992,129.7,19.47,0.348,31.68
27.94,0.01268,0.01678,761.7,0.09462,0.05933,0.07135,102.0,15.71,1.972,0.3117,922.8,0.1949,0.1374,0.1709,114.3,17.5,0.2723,19.25
68.35,0.009148,0.02855,1075.0,0.09709,0.06847,0.1153,120.2,18.45,3.766,0.5959,1590.0,0.2275,0.1379,0.3965,145.6,22.52,0.3109,31.39
19.87,0.00892,0.02332,506.3,0.05761,0.02704,0.04711,81.72,12.77,1.457,0.2367,653.6,0.1523,0.09331,0.2177,92.04,14.49,0.2829,33.37
34.37,0.01307,0.02662,423.6,0.06095,0.026,0.03592,74.72,11.71,3.258,0.4489,546.7,0.1028,0.06968,0.1046,86.16,13.33,0.1712,25.48
12.67,0.008602,0.01434,399.8,0.06889,0.02875,0.03503,73.06,11.43,1.143,0.1759,462.0,0.1648,0.08476,0.1399,79.93,12.32,0.2676,22.02
26.33,0.01965,0.02187,384.8,0.1136,0.04796,0.04635,73.0,11.28,1.851,0.3384,434.0,0.1822,0.08611,0.08669,76.53,11.92,0.2102,15.77
12.26,0.0,0.0,288.5,0.04102,0.0,0.0,61.24,9.738,1.218,0.1988,342.9,0.07204,0.0,0.0,66.53,10.62,0.3105,14.1
74.08,0.01167,0.03067,813.0,0.1137,0.05943,0.09447,105.1,16.11,4.533,0.7049,1233.0,0.2236,0.1216,0.2802,129.0,19.92,0.2792,25.27
21.38,0.00952,0.01158,398.0,0.09486,0.01861,0.02031,73.66,11.43,1.937,0.2843,503.0,0.1792,0.06402,0.07708,82.66,12.78,0.2584,26.76
16.64,0.007584,0.0151,512.2,0.09509,0.03088,0.04894,83.74,12.9,1.689,0.2143,643.8,0.2548,0.1012,0.209,97.17,14.48,0.3549,21.82
17.74,0.005612,0.02018,355.3,0.05139,0.007875,0.02251,68.26,10.75,1.806,0.2525,441.2,0.1223,0.03413,0.09755,77.79,11.95,0.23,20.72
21.2,0.01493,0.03114,640.1,0.1021,0.05532,0.08487,93.97,14.44,2.12,0.2406,766.9,0.2735,0.1599,0.3103,108.6,15.85,0.2691,19.85
21.47,0.005828,0.0178,585.0,0.06376,0.01329,0.02881,88.12,13.74,1.573,0.25,725.9,0.1824,0.06019,0.1564,97.19,15.34,0.235,22.46
15.48,0.008232,0.01196,381.9,0.05113,0.01786,0.01982,70.87,11.15,1.429,0.2251,440.8,0.08971,0.05506,0.07116,76.25,11.99,0.2859,16.3
22.79,0.009536,0.03047,538.9,0.08498,0.03483,0.09293,85.31,13.15,1.819,0.271,677.3,0.2256,0.09722,0.3009,97.67,14.77,0.3849,20.5
16.51,0.007924,0.01994,460.3,0.06679,0.02331,0.03885,78.27,12.25,1.484,0.22,564.2,0.1788,0.08211,0.1943,86.6,13.59,0.3113,25.22
93.91,0.01841,0.05206,963.7,0.1665,0.1054,0.1855,117.4,17.68,5.54,0.8113,1302.0,0.3498,0.1515,0.3583,132.9,20.47,0.2463,25.11
46.61,0.0111,0.03056,880.2,0.07223,0.02771,0.0515,108.4,16.84,3.479,0.4789,1032.0,0.171,0.08436,0.1882,120.3,18.22,0.2527,28.07
13.25,0.006273,0.008342,448.6,0.05241,0.01963,0.01972,76.84,12.06,1.171,0.1822,532.8,0.1232,0.07025,0.08636,84.08,13.14,0.2514,18.41
18.54,0.003576,0.001835,366.8,0.03718,0.006588,0.00309,68.69,10.9,1.808,0.2818,470.0,0.08294,0.03953,0.01854,78.07,12.36,0.2738,18.2
38.34,0.01152,0.04167,419.8,0.1141,0.03738,0.06843,76.1,11.75,3.926,0.5018,543.9,0.1892,0.07909,0.1956,88.91,13.32,0.3168,26.21
21.55,0.01135,0.03125,464.5,0.1015,0.02822,0.0537,79.85,12.34,1.955,0.2949,553.0,0.2338,0.08194,0.1688,87.36,13.58,0.2268,28.68
16.64,0.006432,0.008268,690.2,0.05352,0.01939,0.01947,95.5,14.97,1.286,0.184,782.1,0.09995,0.05754,0.0775,102.3,15.98,0.2646,25.82
11.48,0.005344,0.01099,357.6,0.05736,0.01698,0.02531,68.77,10.8,1.126,0.1728,414.0,0.1257,0.04603,0.1047,73.66,11.6,0.209,12.02
67.34,0.01604,0.02626,886.3,0.09182,0.06576,0.08422,109.3,16.78,4.129,0.599,1260.0,0.2119,0.1474,0.2318,130.7,20.05,0.281,26.3
24.28,0.009073,0.007276,685.9,0.07885,0.03781,0.02602,96.22,14.97,1.893,0.2713,793.7,0.1637,0.08485,0.06648,104.6,16.11,0.2404,23.0
17.43,0.01241,0.01683,464.1,0.06981,0.037,0.03987,78.85,12.32,1.67,0.236,549.1,0.1266,0.09391,0.1242,86.97,13.5,0.2827,15.64
43.4,0.009443,0.02151,565.4,0.06288,0.03438,0.05858,85.84,13.43,3.142,0.4697,993.6,0.1546,0.116,0.2644,116.6,17.98,0.2884,29.87
44.64,0.0132,0.04303,736.9,0.1555,0.1097,0.2032,102.5,15.46,2.805,0.4209,1102.0,0.3583,0.1827,0.583,125.0,18.79,0.3216,17.04
21.98,0.0,0.0,349.6,0.04302,0.0,0.0,67.49,10.66,2.155,0.3309,408.3,0.06791,0.0,0.0,73.2,11.54,0.271,19.2
11.36,0.0,0.0,227.2,0.04276,0.0,0.0,54.42,8.671,1.435,0.2204,259.2,0.07057,0.0,0.0,58.36,9.262,0.2592,17.04
31.59,0.01813,0.05371,832.9,0.1556,0.08866,0.1793,109.3,16.46,2.482,0.3037,981.2,0.4667,0.2035,0.5862,123.5,17.79,0.3054,28.45
14.34,0.001852,0.001595,526.4,0.01938,0.001852,0.001595,82.01,13.01,1.101,0.1731,608.8,0.03432,0.009259,0.007977,88.18,14.0,0.2295,29.02
21.79,0.007408,0.00618,508.8,0.03774,0.0133,0.009193,81.29,12.81,1.778,0.2889,570.7,0.05445,0.0399,0.02758,86.7,13.63,0.1783,16.15
40.98,0.009767,0.01954,766.6,0.08799,0.05189,0.06593,101.2,15.7,2.406,0.3699,1269.0,0.3547,0.1541,0.2902,129.3,20.11,0.3437,32.82
22.77,0.01712,0.05915,402.0,0.08155,0.02361,0.06181,73.53,11.41,1.902,0.3344,467.2,0.161,0.06296,0.1648,79.12,12.37,0.1811,17.7
19.53,0.006009,0.01774,710.6,0.1052,0.03263,0.05375,98.92,15.28,1.344,0.2054,973.1,0.3299,0.1226,0.363,113.8,17.8,0.3175,28.03
26.43,0.002404,0.001597,317.5,0.04695,0.002404,0.001597,63.76,10.08,2.68,0.4245,437.0,0.1019,0.01042,0.00692,75.39,11.87,0.2933,21.18
28.92,0.006719,0.01412,1041.0,0.08468,0.05814,0.08169,118.6,18.31,1.817,0.2577,1410.0,0.2445,0.1571,0.3538,139.2,21.31,0.3206,26.36
17.86,0.01185,0.01978,420.3,0.06141,0.03239,0.03809,74.68,11.71,1.742,0.2451,521.5,0.104,0.1099,0.1521,84.42,13.01,0.2572,21.39
14.47,0.00624,0.01556,428.9,0.05562,0.01553,0.02353,75.27,11.81,1.011,0.1859,489.5,0.1,0.04306,0.08803,79.57,12.57,0.32,26.48
18.32,0.006433,0.02117,463.7,0.07253,0.01654,0.03844,78.83,12.3,1.687,0.2382,546.7,0.165,0.04815,0.1423,86.65,13.35,0.2482,19.59
53.65,0.01757,0.02176,507.4,0.06601,0.02864,0.03112,82.02,12.77,5.118,0.7311,579.5,0.08978,0.04773,0.05186,89.04,13.75,0.2179,23.5
25.2,0.01883,0.05551,671.4,0.198,0.08878,0.1697,100.4,14.86,3.591,0.2796,784.7,0.4648,0.1727,0.4589,118.6,16.08,0.3,27.78
15.75,0.00842,0.02321,516.4,0.05366,0.02377,0.03873,82.53,12.91,1.493,0.1942,600.6,0.1506,0.08235,0.1764,90.81,13.88,0.3024,22.0
49.7,0.0206,0.04665,588.9,0.1267,0.06526,0.1385,90.63,13.77,4.906,0.6191,806.9,0.3122,0.1673,0.3809,111.6,16.39,0.308,34.01
76.36,0.01444,0.0611,1024.0,0.08642,0.05778,0.1103,117.4,18.08,4.312,0.6362,1228.0,0.1963,0.09181,0.2535,129.1,19.76,0.2369,24.7
54.22,0.01221,0.02706,1148.0,0.1428,0.06772,0.1114,127.5,19.18,3.833,0.4357,1688.0,0.5601,0.1708,0.3865,166.4,23.36,0.3193,32.06
27.24,0.0114,0.01401,461.0,0.08087,0.04107,0.04187,78.54,12.23,2.308,0.3534,638.4,0.2042,0.108,0.1377,92.15,14.44,0.2668,28.36
40.73,0.01345,0.02713,951.6,0.1198,0.07488,0.1036,115.1,17.54,3.088,0.3971,1239.0,0.342,0.1939,0.3508,139.5,20.42,0.2928,25.84
30.29,0.01037,0.02701,481.9,0.1058,0.03821,0.08005,81.09,12.47,2.497,0.3961,677.9,0.2378,0.1015,0.2671,96.05,14.97,0.3014,24.64
26.44,0.00826,0.02039,716.6,0.09588,0.04079,0.0755,98.78,15.12,1.974,0.2711,989.5,0.3331,0.1252,0.3327,117.7,17.77,0.3415,20.24
12.33,0.007527,0.007975,295.4,0.07232,0.01952,0.01756,62.92,9.876,1.517,0.2137,331.6,0.1247,0.05588,0.06213,67.08,10.42,0.2989,23.22
68.46,0.01123,0.01946,904.3,0.07304,0.0539,0.0695,109.7,17.01,4.106,0.5858,1210.0,0.1486,0.1096,0.1932,130.0,19.8,0.3275,25.05
15.09,0.008304,0.02526,529.4,0.1483,0.05102,0.08705,87.02,13.11,1.491,0.1931,639.3,0.4402,0.1126,0.3162,99.48,14.55,0.4128,29.16
20.0,0.007373,0.01841,725.5,0.0623,0.03157,0.05892,98.17,15.27,1.525,0.2134,932.7,0.2186,0.1035,0.2962,113.7,17.38,0.232,15.92
17.12,0.006747,0.02045,428.0,0.069,0.01393,0.02669,75.51,11.84,1.444,0.2222,546.3,0.188,0.06913,0.1471,85.22,13.3,0.2535,24.99
22.69,0.01435,0.03909,578.9,0.1517,0.05602,0.09901,90.96,13.86,1.933,0.2563,750.1,0.437,0.1654,0.4636,104.4,15.75,0.363,26.93
21.46,0.01785,0.05946,432.2,0.1154,0.03142,0.06636,77.32,11.89,2.087,0.2963,531.2,0.3046,0.1138,0.2806,86.2,13.25,0.3397,27.1
22.79,0.01071,0.05774,321.2,0.05907,0.01071,0.05774,65.05,10.2,2.747,0.3567,403.7,0.1397,0.03571,0.1925,75.4,11.48,0.2868,24.47
17.4,0.006659,0.01652,568.9,0.08711,0.02563,0.03888,87.88,13.65,1.391,0.2102,706.2,0.2474,0.08056,0.1759,99.71,15.34,0.238,16.35
21.03,0.00836,0.02544,561.3,0.1192,0.04451,0.0786,88.59,13.56,2.011,0.2569,686.6,0.2698,0.0909,0.2577,101.1,14.98,0.3065,17.13
15.05,0.007624,0.008534,313.1,0.08502,0.01915,0.01768,65.12,10.18,1.641,0.2467,375.6,0.144,0.05575,0.06572,71.94,11.17,0.3055,22.84
32.19,0.008637,0.02384,761.3,0.1204,0.06462,0.1147,102.6,15.75,2.244,0.3473,1088.0,0.448,0.1479,0.3976,125.9,19.56,0.3993,30.29
24.68,0.009057,0.02259,546.4,0.04994,0.02456,0.03554,84.55,13.27,2.044,0.2927,708.8,0.1311,0.09678,0.1786,98.84,15.14,0.2506,23.6
48.29,0.01286,0.0236,641.2,0.07624,0.04603,0.05724,92.51,14.34,3.763,0.522,873.2,0.1525,0.1087,0.1632,110.4,16.77,0.3062,16.9
11.86,0.004972,0.002817,329.6,0.07722,0.01216,0.006643,66.62,10.44,1.208,0.1913,395.4,0.1153,0.04464,0.02639,73.47,11.52,0.2615,19.8
19.88,0.01155,0.03644,684.5,0.1096,0.0378,0.06505,97.45,15.0,2.276,0.2318,808.2,0.3627,0.1379,0.3402,114.2,16.41,0.2954,19.31
18.51,0.008691,0.03016,496.4,0.07529,0.02036,0.05438,81.35,12.62,1.445,0.2449,624.0,0.3454,0.118,0.3911,90.67,14.2,0.2826,31.31
31.98,0.01384,0.03055,895.0,0.1572,0.109,0.191,113.4,17.05,2.153,0.2959,1189.0,0.3934,0.2543,0.5018,133.5,19.59,0.3109,24.89
8.605,0.003125,0.01633,395.7,0.03813,0.003125,0.01633,71.76,11.32,1.059,0.121,452.3,0.1432,0.02083,0.1089,79.82,12.08,0.2849,33.75
70.01,0.01091,0.03457,1319.0,0.1074,0.0834,0.1554,134.4,20.51,3.767,0.524,1872.0,0.2761,0.1563,0.4146,162.7,24.47,0.2437,37.38
12.64,0.009623,0.01186,279.6,0.04087,0.01667,0.01652,60.21,9.567,1.215,0.2152,335.9,0.09515,0.07222,0.07161,65.74,10.51,0.2757,19.16
22.07,0.01004,0.007302,603.4,0.06945,0.01896,0.01462,89.79,14.03,1.667,0.2589,715.5,0.1513,0.07963,0.06231,98.27,15.33,0.2226,30.28
83.5,0.01671,0.04257,1306.0,0.08348,0.06022,0.09042,132.5,20.48,5.144,0.6874,1750.0,0.2311,0.1445,0.3158,161.7,24.22,0.2238,26.17
29.96,0.01011,0.0385,623.9,0.1039,0.04408,0.1103,92.55,14.22,2.105,0.3354,764.0,0.2426,0.08219,0.3064,102.5,15.75,0.189,40.54
27.19,0.01103,0.0181,575.3,0.0663,0.03731,0.04705,87.38,13.64,1.996,0.3242,683.4,0.1291,0.09222,0.1533,94.11,14.85,0.253,19.05
9.006,0.003762,0.006493,476.5,0.03393,0.01108,0.01053,78.61,12.42,0.757,0.1153,543.4,0.07776,0.04052,0.06243,83.85,13.2,0.2901,20.37
39.93,0.01007,0.03371,590.0,0.06807,0.02344,0.04697,88.54,13.75,2.829,0.4347,706.0,0.1442,0.06106,0.1359,98.0,15.01,0.2663,26.34
60.41,0.01559,0.03915,1155.0,0.1558,0.08886,0.2049,129.1,19.4,4.037,0.5243,1417.0,0.2968,0.1564,0.3458,144.9,21.65,0.292,30.53
13.56,0.005383,0.03079,541.6,0.04524,0.01105,0.04336,84.13,13.2,0.873,0.163,602.0,0.1508,0.0497,0.2298,88.28,13.94,0.2767,27.82
16.64,0.006245,0.01081,347.0,0.07234,0.01615,0.02379,68.01,10.65,1.497,0.2497,455.7,0.1398,0.06136,0.1125,77.98,12.25,0.3409,35.19
18.62,0.01006,0.02105,406.3,0.07808,0.02929,0.04328,73.87,11.52,1.686,0.2562,491.8,0.1582,0.09608,0.1804,80.88,12.65,0.2664,21.19
26.99,0.009175,0.01245,407.4,0.05991,0.02069,0.02638,73.28,11.5,2.684,0.3927,508.9,0.1049,0.06544,0.08105,83.12,12.97,0.274,22.46
33.63,0.01262,0.02332,928.2,0.1041,0.08353,0.1266,113.0,17.3,2.193,0.3093,1222.0,0.2405,0.1857,0.3378,130.9,19.85,0.3138,25.09
35.74,0.01342,0.03119,602.4,0.1279,0.05246,0.09789,91.43,13.96,2.563,0.425,826.0,0.3262,0.1374,0.3209,108.1,16.39,0.3068,22.07
52.34,0.008185,0.02117,1288.0,0.1088,0.09333,0.1519,132.9,20.31,2.587,0.3977,1844.0,0.2945,0.1697,0.3788,162.3,24.33,0.3151,39.16
44.41,0.007671,0.01246,933.1,0.0629,0.02837,0.02891,111.0,17.35,2.577,0.4007,1218.0,0.1486,0.08235,0.1211,128.2,19.85,0.2452,31.47
90.94,0.02149,0.04638,947.8,0.1273,0.07507,0.09697,114.4,17.29,6.146,0.8348,1295.0,0.2867,0.1528,0.2298,137.9,20.39,0.3067,27.24
22.18,0.005174,0.01311,758.6,0.05616,0.02847,0.04209,100.0,15.61,1.534,0.2298,988.6,0.1807,0.08568,0.226,115.9,17.91,0.2683,31.67
45.42,0.009875,0.02048,928.3,0.08995,0.06527,0.09061,111.6,17.19,2.819,0.4203,1436.0,0.2567,0.1984,0.3889,140.5,21.58,0.3216,29.33
27.1,0.01365,0.03354,346.4,0.1147,0.02642,0.06387,69.28,10.6,3.43,0.4505,424.8,0.2515,0.07926,0.1916,78.28,11.88,0.294,22.94
26.76,0.009919,0.03099,561.0,0.08259,0.02142,0.04072,87.16,13.59,2.591,0.338,661.5,0.173,0.06189,0.1453,97.66,14.8,0.2446,30.04
18.24,0.00633,0.02589,512.2,0.06219,0.01615,0.039,82.38,12.87,1.546,0.2345,597.5,0.1808,0.0578,0.1992,89.27,13.9,0.3604,23.64
20.74,0.01745,0.07339,344.9,0.1289,0.02867,0.08448,69.5,10.71,2.23,0.3198,410.4,0.255,0.086,0.2534,76.51,11.69,0.2605,25.21
10.77,0.003608,0.004826,632.6,0.02675,0.00625,0.00725,90.3,14.29,0.8439,0.1302,684.6,0.05036,0.03333,0.03866,94.44,14.91,0.2458,20.65
13.17,0.008849,0.01282,388.0,0.07608,0.02755,0.03265,72.23,11.29,1.164,0.1904,457.5,0.1507,0.0875,0.1275,78.27,12.32,0.2733,16.18
16.39,0.009472,0.008347,289.9,0.04689,0.01407,0.01103,61.5,9.742,1.75,0.2684,355.2,0.0937,0.05159,0.04043,68.09,10.75,0.2841,20.88
45.81,0.008522,0.01622,998.9,0.07027,0.04744,0.05699,115.2,17.93,2.765,0.4212,1320.0,0.1806,0.1136,0.208,135.1,20.92,0.2504,34.69
48.84,0.0191,0.01267,435.6,0.0721,0.07404,0.05929,76.2,11.89,4.021,0.6412,472.4,0.08368,0.08946,0.07153,79.46,12.4,0.222,18.99
17.09,0.003333,0.001487,396.6,0.03872,0.003333,0.001487,71.79,11.33,1.565,0.2375,458.0,0.07348,0.01111,0.004955,77.37,12.2,0.2758,18.99
36.74,0.01463,0.02623,1102.0,0.05884,0.05843,0.0802,120.9,18.81,2.363,0.3283,1236.0,0.116,0.1294,0.221,129.0,19.96,0.2567,24.3
22.22,0.005044,0.01065,572.3,0.04052,0.01238,0.01997,86.24,13.59,1.683,0.258,739.1,0.07622,0.05185,0.106,98.91,15.5,0.2335,26.1
19.41,0.01043,0.01457,587.4,0.07688,0.03711,0.04479,88.99,13.85,1.83,0.2479,670.0,0.1724,0.09993,0.1456,98.37,14.98,0.2955,21.74
69.65,0.01293,0.03988,1138.0,0.1453,0.09664,0.1921,126.2,19.16,4.321,0.6361,1724.0,0.3841,0.1872,0.5754,159.8,23.72,0.3258,35.9
37.83,0.01846,0.01514,427.3,0.0434,0.02763,0.02245,74.24,11.74,3.717,0.5619,533.7,0.085,0.0829,0.06735,84.7,13.31,0.3101,18.26
53.16,0.01499,0.03059,1145.0,0.1442,0.09464,0.1626,127.2,19.4,2.903,0.4709,1628.0,0.3749,0.2252,0.4316,152.4,23.79,0.359,28.65
28.09,0.01209,0.03872,805.1,0.1802,0.09052,0.1948,108.8,16.24,2.464,0.2873,1031.0,0.4706,0.1732,0.5026,126.9,18.55,0.277,25.09
22.45,0.002924,0.00186,489.0,0.04216,0.002924,0.00186,79.83,12.58,1.721,0.2719,564.1,0.06624,0.008772,0.005579,85.56,13.5,0.2505,23.08
12.68,0.005905,0.01652,515.9,0.03729,0.01171,0.0226,81.89,12.89,1.115,0.1532,577.0,0.1147,0.05366,0.1186,87.4,13.62,0.2309,15.54
17.49,0.009924,0.01376,396.0,0.05008,0.02173,0.02399,72.17,11.37,1.954,0.2656,459.3,0.09708,0.06203,0.07529,79.29,12.36,0.3267,26.14
24.87,0.01187,0.01536,687.3,0.09823,0.04819,0.0594,97.03,14.96,2.171,0.2877,809.8,0.303,0.1489,0.1804,109.1,16.25,0.2962,26.19
17.67,0.01132,0.02335,513.7,0.07943,0.0337,0.06155,83.14,12.95,1.231,0.2094,585.4,0.2068,0.1056,0.2241,88.81,13.74,0.338,19.93
13.88,0.008578,0.01412,432.7,0.05642,0.0228,0.02688,75.54,11.85,1.234,0.207,517.8,0.1758,0.0914,0.1316,84.35,13.06,0.3101,25.75
13.38,0.007978,0.006564,492.1,0.08393,0.01924,0.01288,81.78,12.72,1.34,0.1807,553.7,0.1472,0.06343,0.05233,88.54,13.5,0.2369,17.48
17.74,0.006829,0.004272,582.7,0.06221,0.01917,0.01063,88.06,13.77,1.479,0.2191,661.1,0.1072,0.05802,0.03732,94.17,14.67,0.2823,16.93
11.09,0.009393,0.01072,363.7,0.04721,0.01369,0.01236,69.14,10.91,1.267,0.1753,392.2,0.07506,0.03194,0.02884,72.42,11.37,0.2143,14.82
49.11,0.01432,0.01272,431.1,0.05914,0.03515,0.02685,75.0,11.76,4.138,0.645,553.6,0.07974,0.0716,0.0612,85.1,13.36,0.1978,23.39
20.56,0.005243,0.01079,633.1,0.0522,0.01374,0.02475,91.22,14.26,1.661,0.23,819.7,0.2167,0.0753,0.1565,105.8,16.22,0.2636,25.26
20.56,0.0125,0.01861,334.2,0.06797,0.01875,0.02495,66.85,10.51,2.289,0.2868,362.7,0.08614,0.03125,0.04158,70.1,10.93,0.2227,24.22
28.32,0.01403,0.04712,471.3,0.1014,0.03099,0.0683,80.43,12.46,2.579,0.3642,551.3,0.2158,0.07625,0.1904,88.13,13.46,0.2685,23.07
10.08,0.009199,0.01808,334.3,0.06678,0.0178,0.02297,66.86,10.49,1.035,0.1485,375.4,0.1044,0.06528,0.08423,70.76,11.06,0.2213,24.54
22.93,0.007807,0.02221,403.1,0.07694,0.01502,0.03344,73.59,11.46,2.475,0.3278,489.8,0.1789,0.05509,0.1226,82.69,12.68,0.2208,21.61
18.21,0.006998,0.01596,417.2,0.05688,0.01313,0.01974,74.23,11.6,1.961,0.2512,476.5,0.1361,0.04815,0.07239,81.39,12.44,0.3244,31.62
15.5,0.002386,0.001128,537.3,0.05251,0.003261,0.001461,84.07,13.2,1.204,0.1903,636.9,0.1346,0.025,0.0112,92.0,14.41,0.2651,20.45
9.789,0.003472,0.003681,246.3,0.03116,0.003472,0.003681,56.36,9.0,1.144,0.1746,285.5,0.05232,0.01389,0.01472,60.9,9.699,0.2991,20.07
20.39,0.003242,0.00203,566.2,0.03614,0.004419,0.002758,85.69,13.5,1.509,0.2244,698.7,0.05836,0.0221,0.01379,95.48,14.97,0.2267,16.94
33.01,0.004821,0.002831,530.6,0.03735,0.008829,0.004559,82.71,13.05,2.567,0.3975,672.4,0.05847,0.03532,0.01824,93.96,14.73,0.2107,17.4
11.28,0.007638,0.01042,418.7,0.05253,0.01148,0.01583,74.33,11.7,1.109,0.1601,483.1,0.1087,0.05741,0.07915,80.92,12.61,0.3487,26.55
28.9,0.006324,0.005325,664.9,0.03515,0.01877,0.01447,92.68,14.61,1.954,0.316,840.8,0.07087,0.05813,0.04746,103.7,16.46,0.253,21.75
25.18,0.01069,0.03137,504.1,0.07948,0.02548,0.04052,82.29,12.76,2.346,0.3265,618.8,0.2208,0.08411,0.1769,92.04,14.19,0.2564,16.4
9.438,0.004667,0.01003,409.1,0.05969,0.008907,0.01367,73.73,11.54,1.107,0.1312,467.8,0.1626,0.04715,0.08324,81.23,12.34,0.339,12.87
12.69,0.00339,0.00262,481.6,0.03834,0.006423,0.004473,79.19,12.49,1.047,0.1716,544.2,0.04953,0.02784,0.01938,84.48,13.34,0.1917,19.71
15.82,0.005051,0.01123,461.4,0.03212,0.005051,0.01123,77.25,12.18,1.438,0.2113,513.1,0.05332,0.01852,0.04116,81.6,12.85,0.2293,16.47
48.9,0.01143,0.02408,1027.0,0.1117,0.0795,0.113,118.7,18.22,2.547,0.4041,1485.0,0.2763,0.1776,0.3853,140.9,21.84,0.2812,25.0
31.16,0.0112,0.009959,477.3,0.03454,0.01699,0.01342,78.6,12.43,2.487,0.3778,515.9,0.04712,0.02832,0.02237,81.76,12.9,0.1901,20.21
22.68,0.01544,0.04004,324.2,0.1111,0.03965,0.06726,66.52,10.25,1.597,0.3677,390.4,0.236,0.09744,0.1898,71.53,11.28,0.2608,20.61
74.85,0.01247,0.02645,1274.0,0.08564,0.07726,0.1155,131.1,20.16,3.868,0.5925,1657.0,0.1537,0.1425,0.2606,150.2,23.06,0.3055,23.03
16.57,0.01011,0.01902,504.8,0.08834,0.034,0.038,82.82,12.86,1.614,0.2212,599.5,0.2231,0.1155,0.1791,92.8,14.04,0.2382,21.08
19.01,0.005142,0.01051,457.9,0.06545,0.01692,0.01994,78.01,12.2,1.959,0.2575,583.1,0.1928,0.05556,0.1167,91.11,13.75,0.2661,21.38
17.61,0.006474,0.01329,489.9,0.07664,0.02107,0.03193,81.25,12.67,1.566,0.21,574.4,0.1212,0.05602,0.102,88.7,13.71,0.2688,21.1
23.92,0.006627,0.005717,616.5,0.05306,0.02733,0.01765,90.03,14.11,1.558,0.2571,749.9,0.1109,0.0589,0.05307,98.4,15.53,0.21,18.0
16.97,0.003951,0.001184,446.0,0.03892,0.005592,0.001546,76.09,12.03,1.466,0.2335,523.4,0.0739,0.02796,0.007732,82.74,13.07,0.2171,22.25
44.41,0.01392,0.03248,813.7,0.1319,0.08488,0.1478,106.9,16.27,3.27,0.4375,1121.0,0.2947,0.1583,0.3597,129.8,19.28,0.3103,30.38
33.27,0.01459,0.03715,793.2,0.1371,0.07041,0.1204,105.8,16.03,2.629,0.3371,1070.0,0.4478,0.1981,0.4956,124.3,18.76,0.3019,21.98
20.65,0.009811,0.04393,514.0,0.1125,0.0295,0.07107,84.52,12.98,2.465,0.2684,634.3,0.3253,0.09858,0.3439,99.21,14.42,0.3596,21.95
15.07,0.002941,0.0009737,390.0,0.04458,0.002941,0.0009737,71.38,11.25,1.529,0.2144,492.7,0.09794,0.01667,0.005518,82.08,12.76,0.2815,22.06
13.24,0.006522,0.007004,464.4,0.04202,0.008535,0.007756,77.88,12.3,1.199,0.184,544.3,0.09052,0.03983,0.03619,84.53,13.35,0.2554,28.46
87.17,0.01744,0.04502,918.6,0.1056,0.09934,0.1508,111.8,17.06,6.076,0.8161,1362.0,0.2053,0.1827,0.392,143.2,20.99,0.2623,33.15
14.41,0.007315,0.03113,514.3,0.09965,0.02098,0.03738,84.08,12.99,0.9219,0.1814,576.0,0.1975,0.0585,0.145,87.38,13.72,0.2432,16.91
88.25,0.01816,0.03914,1092.0,0.1402,0.0609,0.106,122.9,18.77,4.369,0.6422,1873.0,0.4827,0.2048,0.4634,161.1,24.54,0.3679,34.37
16.85,0.008043,0.0169,310.8,0.07326,0.01775,0.02511,64.41,10.05,1.778,0.2619,384.0,0.1402,0.06499,0.1055,71.98,11.16,0.2894,26.84
32.14,0.01243,0.0384,641.2,0.1139,0.04223,0.08007,94.15,14.42,2.677,0.3491,862.1,0.3371,0.1414,0.3755,111.4,16.67,0.3053,21.51
12.07,0.00851,0.05028,280.5,0.09228,0.02292,0.08422,61.64,9.606,1.429,0.1844,353.6,0.3416,0.0812,0.4341,71.25,10.75,0.2982,23.07
10.8,0.0101,0.02758,373.9,0.09097,0.03341,0.05397,71.49,11.06,1.355,0.1601,440.0,0.221,0.1075,0.2299,79.76,11.92,0.3301,19.9
67.66,0.01806,0.04345,1194.0,0.1339,0.1103,0.1863,129.9,19.68,5.173,0.6226,1540.0,0.3458,0.2255,0.4734,157.6,22.75,0.4045,34.66
24.53,0.01121,0.01651,420.3,0.07281,0.0325,0.04006,75.03,11.71,2.355,0.3446,516.4,0.1115,0.07864,0.1087,84.16,13.06,0.2765,18.16
18.02,0.005495,0.005832,445.3,0.05794,0.008488,0.00751,76.66,12.06,1.559,0.243,562.6,0.1352,0.05093,0.04506,86.54,13.64,0.288,27.06
29.06,0.01067,0.01855,668.7,0.0778,0.03528,0.04608,94.87,14.76,2.537,0.3428,880.8,0.2009,0.1251,0.2151,114.2,17.27,0.3109,17.93
12.25,0.006315,0.0094,402.7,0.05886,0.02322,0.02587,73.02,11.47,1.09,0.1707,475.8,0.112,0.06548,0.09823,79.67,12.51,0.2851,20.79
26.65,0.01052,0.007816,426.7,0.1206,0.01787,0.01171,77.23,11.95,2.455,0.361,496.2,0.1885,0.04766,0.03122,83.09,12.81,0.3124,17.72
26.03,0.006296,0.005949,421.0,0.0363,0.01162,0.008306,73.7,11.66,2.225,0.3534,542.5,0.06476,0.04262,0.03046,83.61,13.28,0.2731,19.74
63.37,0.01746,0.04912,716.6,0.09769,0.06553,0.1235,98.0,15.08,4.174,0.6534,1050.0,0.2356,0.1526,0.4029,121.2,18.51,0.2654,33.22
28.84,0.01471,0.04505,384.6,0.06064,0.01471,0.04505,71.24,11.14,3.33,0.4222,453.5,0.1256,0.03922,0.1201,79.62,12.12,0.2576,15.82
27.49,0.01966,0.06271,485.8,0.1038,0.04391,0.103,81.92,12.56,3.212,0.3602,547.4,0.2002,0.09265,0.2388,89.02,13.37,0.2121,22.43
21.57,0.01876,0.05112,512.0,0.1304,0.05603,0.09603,85.09,13.05,2.59,0.3106,591.2,0.2658,0.1258,0.2573,94.22,14.19,0.3113,24.85
20.74,0.006042,0.005254,593.7,0.05492,0.02088,0.01502,88.52,13.87,1.737,0.2543,694.4,0.1008,0.05556,0.05285,96.74,15.11,0.2362,25.58
30.18,0.01506,0.03214,241.0,0.07698,0.02381,0.04721,56.74,8.878,4.277,0.5381,302.0,0.1248,0.04762,0.09441,65.27,9.981,0.2434,17.7
20.98,0.006399,0.01795,546.1,0.06373,0.02424,0.03344,85.24,13.3,2.028,0.2621,621.2,0.1667,0.05614,0.1212,92.94,14.2,0.2637,29.2
17.26,0.009997,0.01529,496.6,0.07952,0.01781,0.02688,81.87,12.76,1.535,0.2213,579.7,0.1839,0.08312,0.1255,87.82,13.75,0.2744,25.99
33.58,0.01033,0.01832,838.1,0.08468,0.04835,0.05862,106.6,16.5,2.344,0.3389,1009.0,0.1679,0.09123,0.1663,117.2,18.13,0.2394,25.45
13.22,0.005484,0.01451,552.4,0.05696,0.01473,0.02181,85.48,13.4,1.036,0.1584,663.5,0.1676,0.06987,0.1364,93.76,14.73,0.2741,21.7
72.44,0.01461,0.02375,1293.0,0.1131,0.07785,0.09799,133.8,20.44,4.218,0.5781,1780.0,0.2376,0.1765,0.2702,161.2,24.31,0.2609,26.37
18.57,0.007087,0.02,458.4,0.07175,0.02027,0.04392,78.31,12.21,1.874,0.2527,624.6,0.217,0.08829,0.2413,93.85,14.29,0.3218,24.04
17.72,0.009155,0.01551,711.8,0.06934,0.02657,0.03393,97.65,15.19,1.338,0.1783,819.1,0.1737,0.08178,0.1362,104.5,16.2,0.2487,15.73
39.06,0.01343,0.03437,1386.0,0.1515,0.1255,0.1932,141.3,21.37,2.407,0.3414,1535.0,0.284,0.1966,0.4024,152.1,22.69,0.273,21.84
14.0,0.006335,0.01169,579.1,0.06374,0.02031,0.02556,87.84,13.69,1.372,0.1705,670.6,0.2096,0.06987,0.1346,99.16,14.84,0.3323,20.21
14.91,0.01196,0.01951,788.5,0.1438,0.05397,0.06651,106.3,16.17,1.349,0.1745,861.5,0.255,0.1251,0.2114,113.1,16.97,0.3153,19.14
14.91,0.005179,0.007508,562.1,0.04726,0.01117,0.01271,85.89,13.46,1.4,0.1689,680.6,0.1457,0.05781,0.07934,97.11,14.69,0.2694,35.63
11.35,0.008356,0.02443,580.6,0.07548,0.02471,0.04249,88.27,13.66,1.101,0.1402,657.0,0.3104,0.1054,0.2569,97.96,14.54,0.3387,19.64
16.04,0.01164,0.02101,386.3,0.1111,0.0555,0.079,73.16,11.27,1.809,0.2562,476.1,0.2429,0.1318,0.2247,84.93,12.84,0.3343,20.53
11.68,0.00696,0.01723,372.7,0.07079,0.02074,0.03546,70.67,11.04,1.281,0.1642,447.1,0.1982,0.06754,0.1553,79.73,12.09,0.3202,20.83
9.549,0.01667,0.04305,447.8,0.1073,0.02978,0.07943,78.75,12.05,1.778,0.1194,488.4,0.3214,0.1092,0.2912,87.36,12.57,0.2191,28.71
19.2,0.01051,0.04757,462.9,0.1297,0.0288,0.05892,80.64,12.39,2.117,0.2608,600.5,0.3593,0.09804,0.3206,95.23,14.18,0.2819,23.13
15.26,0.008468,0.02828,541.8,0.08575,0.02864,0.05077,85.79,13.28,1.592,0.1833,623.7,0.2685,0.09173,0.2866,96.59,14.24,0.2736,17.37
33.01,0.01576,0.03389,664.7,0.06636,0.05271,0.0839,93.97,14.6,2.914,0.4157,758.2,0.1581,0.1359,0.2675,102.2,15.79,0.2477,31.71
19.96,0.01087,0.04344,462.0,0.07823,0.02534,0.06839,78.78,12.21,2.097,0.2666,529.9,0.2431,0.0914,0.3076,87.65,13.13,0.2677,19.29
23.12,0.007016,0.01988,596.6,0.04831,0.008507,0.02045,88.37,13.88,1.709,0.2541,745.3,0.1233,0.04537,0.1091,99.66,15.51,0.2542,19.97
11.88,0.006929,0.008496,321.6,0.07542,0.01968,0.01923,65.75,10.26,1.348,0.1911,394.5,0.165,0.06696,0.08615,73.23,11.38,0.2937,15.65
66.91,0.01639,0.04972,744.7,0.1562,0.09113,0.1891,102.4,15.49,4.675,0.647,1359.0,0.3913,0.2121,0.5553,142.1,21.2,0.3187,29.41
22.22,0.007513,0.01843,446.2,0.09758,0.03326,0.04783,78.07,12.1,1.869,0.2841,559.5,0.1773,0.06266,0.1603,88.33,13.56,0.3049,25.8
12.67,0.009155,0.01132,609.1,0.05361,0.03251,0.02681,89.75,14.06,1.237,0.1504,684.5,0.1231,0.07911,0.0846,96.42,14.92,0.2523,25.34
19.29,0.01367,0.03304,558.1,0.1147,0.05381,0.0858,88.1,13.51,1.513,0.2136,675.2,0.257,0.1453,0.3438,97.33,14.8,0.2666,27.2
30.57,0.01384,0.04545,508.3,0.08895,0.04083,0.0739,83.05,12.8,2.668,0.3639,591.0,0.1812,0.08296,0.1901,90.72,13.74,0.1988,21.06
12.98,0.004168,0.0194,378.2,0.04768,0.007246,0.02712,70.31,11.06,1.263,0.1855,496.7,0.1879,0.05556,0.2079,80.79,12.68,0.259,20.35
25.06,0.005398,0.02079,431.9,0.06232,0.01638,0.02853,75.26,11.8,2.225,0.3438,562.0,0.1726,0.05356,0.1449,86.0,13.45,0.2779,24.49
18.95,0.005832,0.01376,442.7,0.05242,0.01796,0.02606,76.14,11.93,1.649,0.2522,589.5,0.1575,0.06876,0.1514,87.64,13.8,0.246,20.14
20.21,0.01065,0.03452,525.2,0.07899,0.01883,0.04057,84.18,12.96,2.397,0.2357,621.9,0.2318,0.06608,0.1604,96.31,14.13,0.3207,24.61
11.36,0.007308,0.01613,507.6,0.08836,0.0239,0.03296,83.18,12.94,0.9975,0.1458,580.9,0.1958,0.08388,0.181,89.69,13.86,0.3297,23.02
30.15,0.0103,0.01307,469.1,0.04571,0.02054,0.02109,78.29,12.34,2.602,0.3833,533.1,0.06744,0.04793,0.04921,84.11,13.18,0.2298,16.85
25.78,0.01155,0.0199,370.0,0.0746,0.02932,0.04944,70.39,10.94,3.018,0.3796,472.4,0.1644,0.07887,0.1412,82.76,12.4,0.2251,25.58
21.83,0.008747,0.01831,800.0,0.08501,0.04528,0.055,104.3,16.14,1.729,0.2387,947.9,0.1722,0.1129,0.231,115.9,17.71,0.2778,19.58
49.81,0.0148,0.02509,991.7,0.1304,0.08824,0.1201,117.8,17.99,3.061,0.4537,1349.0,0.3735,0.1974,0.3301,138.1,21.08,0.306,25.41
25.79,0.01075,0.02059,466.1,0.06526,0.02653,0.03211,78.41,12.27,2.079,0.3342,610.2,0.1795,0.09532,0.1377,89.0,14.1,0.3455,28.88
13.66,0.005872,0.01163,399.8,0.05313,0.021,0.02783,72.49,11.36,1.359,0.1916,521.3,0.1622,0.08698,0.1811,85.07,13.05,0.2973,36.32
13.54,0.007483,0.01056,373.2,0.07804,0.0248,0.03046,70.92,11.04,1.342,0.1967,471.4,0.1482,0.07431,0.1067,79.93,12.41,0.2998,26.44
6.802,0.005128,0.03735,268.8,0.06053,0.005128,0.03735,59.75,9.397,1.174,0.1186,301.0,0.1887,0.02564,0.1868,66.61,9.965,0.2376,27.99
28.51,0.01196,0.03312,693.7,0.1025,0.03876,0.06859,97.53,14.99,2.31,0.3186,867.1,0.3345,0.1308,0.3114,110.2,16.76,0.3163,31.55
45.38,0.009087,0.02489,719.5,0.04605,0.02739,0.04686,96.71,15.13,3.043,0.4681,931.4,0.09866,0.06575,0.1547,110.1,17.26,0.3233,36.91
19.53,0.009276,0.0163,433.8,0.0812,0.02179,0.02555,76.39,11.89,1.93,0.2747,522.9,0.2187,0.08263,0.1164,85.09,13.05,0.3075,27.21
17.37,0.008231,0.009075,495.0,0.05794,0.02402,0.0236,80.88,12.7,1.527,0.2253,566.9,0.1607,0.08224,0.09385,88.12,13.65,0.2775,16.92
18.99,0.006159,0.006972,380.3,0.05978,0.01076,0.008955,70.95,11.16,1.968,0.2865,458.0,0.1108,0.04306,0.03582,79.26,12.36,0.2976,28.92
20.3,0.008799,0.04447,409.7,0.07722,0.01428,0.05485,74.2,11.57,2.206,0.2864,520.5,0.1937,0.06664,0.256,86.43,13.07,0.3035,26.98
49.45,0.0158,0.05278,656.1,0.1836,0.063,0.145,98.22,14.69,4.795,0.5462,809.2,0.3635,0.1108,0.3219,114.1,16.46,0.2827,18.34
15.89,0.01304,0.02631,408.2,0.1168,0.04497,0.07097,75.46,11.61,1.667,0.2456,475.7,0.217,0.1105,0.2302,81.93,12.64,0.2787,19.67
19.36,0.01274,0.03669,575.3,0.1147,0.04812,0.09657,89.46,13.66,1.804,0.2244,708.8,0.3167,0.1407,0.366,101.4,15.14,0.2744,25.5
43.52,0.01052,0.006021,289.7,0.08333,0.01967,0.008934,61.93,9.742,4.607,0.6965,380.9,0.1352,0.04589,0.02085,71.79,11.21,0.3196,23.17
11.6,0.003527,0.002074,307.3,0.03912,0.005159,0.00247,63.19,10.03,1.184,0.1851,376.3,0.07094,0.02579,0.01235,69.92,11.11,0.2349,28.94
20.77,0.01264,0.05263,333.6,0.1013,0.02218,0.06335,67.49,10.48,2.564,0.3276,440.4,0.2996,0.0931,0.2939,81.41,12.13,0.302,21.57
20.2,0.01045,0.02991,359.9,0.05743,0.01404,0.03614,68.79,10.8,2.24,0.3077,489.5,0.1696,0.07485,0.1927,83.69,12.76,0.2965,32.04
9.704,0.006189,0.009398,381.1,0.03834,0.0137,0.01369,70.47,11.13,0.968,0.1415,421.1,0.06219,0.04044,0.0458,74.35,11.68,0.2383,20.29
23.24,0.005623,0.005383,501.3,0.04522,0.01835,0.01402,80.98,12.72,2.109,0.2954,586.8,0.09605,0.03612,0.03469,88.87,13.82,0.2165,20.96
15.43,0.01167,0.04861,467.8,0.1316,0.02799,0.07741,81.47,12.4,2.204,0.1767,515.8,0.2629,0.0737,0.2403,89.61,12.88,0.2556,22.91
52.49,0.0191,0.05546,1250.0,0.1489,0.1259,0.2133,133.8,20.18,3.008,0.4331,1479.0,0.2942,0.2173,0.5308,146.0,22.03,0.3032,25.07
23.92,0.008281,0.01461,673.7,0.07074,0.02877,0.03346,94.89,14.86,1.612,0.3028,777.5,0.155,0.07971,0.122,102.3,16.31,0.2525,20.54
18.85,0.009567,0.02185,599.5,0.1133,0.06463,0.1126,91.12,13.98,1.602,0.2208,869.3,0.3568,0.1827,0.4069,113.9,17.04,0.3179,30.8
26.5,0.006502,0.007066,509.2,0.07883,0.0209,0.01797,82.67,12.87,2.597,0.3665,626.9,0.1652,0.06384,0.07127,95.14,14.45,0.3313,24.38
32.74,0.009046,0.01608,611.2,0.05895,0.02944,0.03534,89.78,14.04,2.644,0.3892,750.0,0.1252,0.07453,0.1117,101.2,15.66,0.2725,21.58
29.63,0.007039,0.005812,592.6,0.0633,0.02293,0.01342,88.68,13.85,2.331,0.3419,749.1,0.1141,0.0589,0.04753,100.9,15.63,0.2513,28.01
19.25,0.01076,0.009213,606.5,0.05581,0.02652,0.02087,89.59,14.02,1.606,0.2142,688.9,0.1017,0.08216,0.0626,96.53,14.91,0.2136,19.31
18.15,0.01768,0.0643,371.5,0.1113,0.03613,0.09457,71.73,10.97,2.806,0.2574,476.4,0.4082,0.1555,0.4779,90.14,12.36,0.254,26.87
58.38,0.01742,0.04942,928.8,0.1109,0.05736,0.1204,112.4,17.27,3.283,0.51,1284.0,0.4122,0.1739,0.5036,132.8,20.38,0.25,35.46
29.34,0.005657,0.007741,585.9,0.06718,0.009937,0.01055,88.37,13.78,2.235,0.3563,706.6,0.1071,0.03312,0.03517,97.9,15.27,0.1859,17.5
13.12,0.01111,0.01993,340.9,0.04462,0.01111,0.01993,66.82,10.57,1.277,0.1818,366.3,0.06542,0.02222,0.03986,69.35,10.94,0.2699,23.31
35.77,0.009753,0.02975,990.0,0.1232,0.06254,0.109,117.5,18.03,1.921,0.2986,1292.0,0.2666,0.1535,0.429,133.3,20.38,0.2842,22.02
19.39,0.01665,0.02334,441.3,0.09218,0.04274,0.05441,77.61,11.99,1.865,0.2623,513.9,0.1822,0.1202,0.1609,84.48,12.98,0.2599,30.36
43.95,0.0111,0.03697,981.6,0.1314,0.08293,0.1698,117.3,17.75,2.873,0.3897,1437.0,0.3762,0.197,0.6399,145.4,21.53,0.2972,38.54
19.75,0.006897,0.01758,674.8,0.0889,0.0226,0.04069,95.88,14.8,1.482,0.2204,829.5,0.1881,0.08308,0.206,105.9,16.43,0.36,22.74
23.04,0.008848,0.03379,659.7,0.078,0.02925,0.08817,94.25,14.53,1.994,0.2535,830.5,0.2649,0.09594,0.3779,108.1,16.3,0.2471,28.39
56.18,0.01499,0.04907,1191.0,0.09871,0.09063,0.1655,127.7,19.59,2.916,0.4674,1421.0,0.1845,0.1466,0.3977,139.8,21.44,0.2293,30.96
13.86,0.009166,0.02941,442.5,0.0645,0.01945,0.04055,76.77,12.0,1.516,0.1912,523.7,0.1856,0.07116,0.1811,85.07,13.09,0.2447,37.88
25.7,0.01136,0.01615,644.2,0.09242,0.06495,0.06895,93.86,14.53,2.143,0.306,749.9,0.1478,0.1069,0.1373,103.1,15.8,0.2606,16.93
13.32,0.006888,0.01256,492.9,0.0543,0.02272,0.02966,80.62,12.62,1.116,0.1692,633.5,0.1517,0.09851,0.1887,91.62,14.34,0.327,22.15
28.93,0.009128,0.007936,557.2,0.07426,0.03264,0.02819,86.34,13.38,2.287,0.3408,705.6,0.1421,0.07763,0.07003,96.69,15.05,0.2196,41.61
23.13,0.009215,0.04275,415.1,0.08574,0.02017,0.0716,74.87,11.63,2.15,0.3135,527.8,0.2031,0.06835,0.2923,86.04,13.12,0.2884,38.81
17.58,0.006451,0.0151,537.9,0.05205,0.02068,0.02772,84.1,13.21,1.314,0.2084,632.9,0.1063,0.06005,0.139,91.29,14.35,0.2444,34.23
21.19,0.006336,0.005681,520.2,0.05073,0.01762,0.01206,82.61,13.0,1.657,0.2621,628.5,0.1093,0.05921,0.04462,91.06,14.34,0.2306,31.88
11.28,0.006104,0.0145,290.9,0.04626,0.01043,0.01541,61.68,9.755,1.243,0.1781,349.9,0.1109,0.04866,0.0719,68.03,10.67,0.2321,36.92
20.52,0.00637,0.01971,646.1,0.05223,0.01737,0.03476,92.25,14.4,1.727,0.2315,734.6,0.146,0.05563,0.1472,100.4,15.4,0.2345,31.98
27.4,0.01254,0.04615,536.9,0.1089,0.0351,0.1085,85.98,13.14,2.312,0.3152,689.1,0.3549,0.1181,0.4504,100.9,14.8,0.2563,25.46
20.98,0.003934,0.01031,286.3,0.05428,0.005769,0.01479,61.06,9.668,2.275,0.3416,380.2,0.1255,0.025,0.06409,71.11,11.15,0.3057,24.62
27.85,0.01841,0.04961,408.8,0.1483,0.05564,0.102,76.38,11.62,3.027,0.4101,528.1,0.2878,0.1416,0.3186,88.14,13.36,0.266,25.4
22.73,0.009883,0.02714,289.1,0.06258,0.01514,0.02948,61.49,9.667,2.569,0.3776,385.2,0.1542,0.0656,0.1277,70.88,11.14,0.3174,25.62
44.96,0.01183,0.01465,449.9,0.06,0.02377,0.02367,76.85,12.04,4.099,0.6061,567.6,0.09726,0.05547,0.05524,87.24,13.6,0.2404,33.33
23.31,0.008399,0.0231,686.9,0.08549,0.03221,0.05539,96.45,14.92,1.826,0.2446,906.6,0.2791,0.1147,0.3151,112.0,17.18,0.2688,18.22
9.597,0.006691,0.02757,358.9,0.1069,0.01571,0.05115,70.41,10.88,1.301,0.1482,433.1,0.3898,0.07966,0.3365,80.78,11.94,0.2581,19.35
11.64,0.00836,0.03318,506.9,0.08269,0.03078,0.05835,82.89,12.83,1.195,0.1499,605.8,0.261,0.09783,0.3476,93.22,14.09,0.3006,19.35
31.01,0.0135,0.02821,618.4,0.1108,0.03058,0.05063,92.41,14.2,2.749,0.3478,828.5,0.3429,0.1339,0.2512,112.1,16.45,0.2534,27.26
14.03,0.004832,0.009904,599.4,0.05319,0.01339,0.02224,88.97,13.9,1.392,0.1555,718.9,0.2006,0.06222,0.1384,101.2,15.14,0.2679,21.8
14.34,0.008038,0.04156,404.9,0.08228,0.01969,0.05308,73.99,11.49,1.567,0.2034,467.6,0.201,0.07431,0.2596,82.04,12.4,0.2941,21.9
16.26,0.005161,0.01397,455.3,0.07838,0.01527,0.02916,78.29,12.16,1.678,0.2194,547.4,0.2279,0.0569,0.162,88.83,13.34,0.2406,27.87
28.41,0.006275,0.0153,602.9,0.05326,0.0207,0.02995,88.73,13.9,2.056,0.3316,830.5,0.1415,0.0815,0.1673,104.4,16.41,0.2356,26.42
12.84,0.008791,0.01334,546.3,0.1155,0.05266,0.05786,87.32,13.47,1.102,0.1588,660.2,0.2499,0.1335,0.1848,94.94,14.83,0.3227,18.32
20.64,0.009233,0.01698,571.1,0.07957,0.0316,0.04548,87.76,13.7,1.564,0.2431,686.5,0.1346,0.09077,0.1742,95.78,14.96,0.2518,23.53
13.87,0.01067,0.03336,747.2,0.1299,0.06211,0.1191,102.8,15.73,1.143,0.163,854.3,0.2979,0.1452,0.4004,112.5,17.01,0.2557,14.2
19.98,0.006144,0.018,666.0,0.06698,0.02791,0.05192,94.21,14.64,1.471,0.2204,831.0,0.207,0.07828,0.2437,106.0,16.46,0.2455,25.44
67.74,0.01176,0.04256,1167.0,0.1448,0.1194,0.2256,128.1,19.44,3.631,0.5659,1740.0,0.3725,0.206,0.5936,153.9,23.96,0.3266,30.39
27.57,0.01167,0.01851,420.5,0.09263,0.03132,0.04279,75.49,11.68,2.554,0.3713,549.8,0.1477,0.09815,0.149,86.57,13.32,0.2804,21.59
18.04,0.004551,0.00941,466.5,0.052,0.01261,0.01714,78.18,12.25,1.577,0.2239,622.9,0.1804,0.06335,0.123,92.74,14.17,0.31,31.99
50.95,0.007437,0.01153,992.1,0.06217,0.04178,0.04445,114.6,17.85,3.163,0.4834,1210.0,0.09976,0.08341,0.1048,127.1,19.82,0.1783,18.42
89.74,0.01648,0.03737,1007.0,0.1289,0.07762,0.117,118.4,18.01,5.353,0.7548,1426.0,0.2327,0.1489,0.2544,143.4,21.53,0.3251,26.06
24.6,0.007895,0.006416,477.3,0.04043,0.01149,0.007173,78.83,12.46,2.108,0.3276,534.0,0.06477,0.0268,0.01674,83.24,13.19,0.228,16.36
26.07,0.005564,0.01341,538.7,0.05275,0.01256,0.018,84.06,13.16,2.326,0.3237,648.3,0.1646,0.04195,0.07698,95.29,14.5,0.2687,28.46
21.84,0.01183,0.02153,680.9,0.08345,0.04951,0.06824,96.12,14.87,1.596,0.2323,783.6,0.1388,0.1017,0.17,103.9,16.01,0.2369,28.48
18.4,0.01032,0.02636,485.6,0.1334,0.05074,0.08017,82.69,12.65,1.696,0.2324,633.7,0.3842,0.1407,0.3582,95.29,14.38,0.323,22.15
11.91,0.007096,0.01346,480.1,0.0763,0.02369,0.03609,80.45,12.47,1.253,0.1532,607.3,0.2506,0.1053,0.2028,92.82,14.06,0.3035,24.34
95.77,0.01573,0.04435,1068.0,0.1317,0.09183,0.1491,121.3,18.49,4.851,0.7923,1600.0,0.3089,0.1663,0.3533,146.4,22.75,0.251,22.88
75.09,0.01479,0.04062,1320.0,0.1644,0.1121,0.2188,137.8,20.59,4.206,0.5904,1760.0,0.3597,0.2113,0.5179,163.2,23.86,0.248,30.76
34.84,0.01004,0.01996,689.4,0.1364,0.06142,0.07721,98.73,15.04,2.304,0.372,856.9,0.2176,0.1018,0.1856,109.7,16.76,0.2177,20.43
18.49,0.01161,0.02575,476.3,0.1085,0.03279,0.05928,81.25,12.54,1.566,0.2577,552.0,0.1751,0.08411,0.1889,86.67,13.57,0.3155,21.4
12.58,0.009894,0.03966,453.1,0.1152,0.02166,0.08175,79.47,12.22,0.9857,0.1811,515.3,0.2315,0.08088,0.3535,85.13,13.16,0.2709,24.17
20.67,0.01431,0.0247,819.8,0.06712,0.04563,0.05526,104.7,16.3,1.146,0.2067,928.2,0.1361,0.1357,0.1947,109.8,17.32,0.23,17.76
32.52,0.02041,0.06019,731.3,0.187,0.0852,0.203,103.8,15.46,2.937,0.3331,909.4,0.4967,0.2163,0.5911,117.7,17.11,0.3013,36.33
13.04,0.01528,0.04017,426.0,0.09661,0.02639,0.06726,76.31,11.74,1.345,0.1924,473.8,0.2793,0.1056,0.269,81.25,12.45,0.2604,17.6
20.72,0.01056,0.01482,680.7,0.05016,0.02541,0.03416,94.66,14.81,1.677,0.2182,760.2,0.1011,0.07955,0.1101,101.7,15.61,0.2334,17.58
33.67,0.01334,0.03452,556.7,0.1469,0.08172,0.1445,88.64,13.4,3.093,0.3906,844.4,0.3856,0.2051,0.5106,113.3,16.41,0.3585,29.66
37.11,0.008648,0.03035,658.8,0.08918,0.04349,0.08222,94.29,14.58,2.561,0.4165,862.0,0.1928,0.09186,0.2492,108.5,16.76,0.2626,17.24
38.49,0.009423,0.02967,701.9,0.08597,0.04335,0.07486,97.26,15.05,2.63,0.386,967.0,0.2101,0.112,0.2866,113.8,17.58,0.2282,28.06
18.19,0.01107,0.02099,391.2,0.08499,0.02594,0.04302,72.76,11.34,1.491,0.243,478.6,0.1574,0.08542,0.1624,79.15,12.47,0.306,23.03
67.36,0.01046,0.02913,1052.0,0.1248,0.09451,0.1569,120.8,18.31,3.218,0.5449,1493.0,0.2536,0.151,0.3759,142.2,21.86,0.3074,26.2
59.7,0.01178,0.03052,1214.0,0.131,0.09431,0.1411,130.5,19.89,3.654,0.5079,1646.0,0.3309,0.1613,0.4185,160.5,23.73,0.2549,25.23
34.37,0.01244,0.01405,493.1,0.1661,0.05303,0.04825,84.45,12.88,3.176,0.4426,674.7,0.2961,0.1096,0.1246,99.31,15.05,0.2582,24.37
28.62,0.009199,0.01977,493.8,0.1117,0.02995,0.0388,82.51,12.75,2.495,0.3834,624.1,0.1979,0.08045,0.1423,93.63,14.45,0.3071,21.74
9.332,0.004065,0.003846,388.1,0.04413,0.005664,0.005067,71.3,11.26,0.9812,0.1344,435.9,0.07723,0.02832,0.02533,76.38,11.93,0.2557,26.43
26.45,0.01352,0.02086,571.0,0.107,0.03783,0.05385,88.73,13.71,2.284,0.3191,701.9,0.2566,0.1284,0.1935,99.43,15.11,0.2849,25.63
15.24,0.006801,0.01062,293.2,0.08419,0.02416,0.0233,63.0,9.847,1.976,0.2498,376.5,0.2243,0.06528,0.08434,74.32,11.24,0.2502,22.99
7.254,0.00732,0.01801,221.3,0.07632,0.0151,0.02565,54.53,8.571,1.069,0.1267,275.6,0.2235,0.08512,0.1754,63.3,9.473,0.2983,18.45
16.07,0.007369,0.01509,551.1,0.1138,0.03152,0.04201,87.44,13.46,1.443,0.1998,719.8,0.3124,0.1427,0.2654,101.9,15.35,0.3518,25.16
8.955,0.00574,0.008732,468.5,0.06307,0.02647,0.02958,78.94,12.34,0.7714,0.1166,564.9,0.2074,0.107,0.1791,87.22,13.61,0.311,19.27
18.54,0.007986,0.01798,445.2,0.09009,0.02798,0.03781,77.83,12.07,1.714,0.2513,549.9,0.1632,0.07393,0.1622,86.92,13.45,0.2781,15.77
30.66,0.01316,0.01737,422.9,0.09713,0.0444,0.05282,75.89,11.75,3.149,0.4384,552.3,0.1854,0.101,0.1366,88.52,13.5,0.2478,27.98
15.34,0.005298,0.0184,416.2,0.09453,0.02157,0.042,75.21,11.67,1.393,0.2067,550.6,0.2964,0.0812,0.2758,87.0,13.35,0.3206,28.81
17.25,0.005077,0.007078,575.5,0.07255,0.0188,0.01752,87.76,13.68,1.373,0.2047,773.4,0.1564,0.08704,0.1206,101.6,15.85,0.2806,20.2
10.09,0.01346,0.04401,365.6,0.09752,0.02788,0.05263,70.79,10.96,1.165,0.1507,407.5,0.251,0.09861,0.2123,76.43,11.62,0.2289,26.51
87.78,0.01421,0.04005,1308.0,0.1739,0.1322,0.2085,137.8,20.55,4.706,0.6986,1809.0,0.3135,0.2148,0.4433,160.2,24.3,0.3077,25.48
18.54,0.01276,0.04645,629.8,0.1154,0.06139,0.1463,93.77,14.27,1.895,0.2027,728.3,0.2733,0.1362,0.4234,104.3,15.29,0.2698,34.27
20.95,0.01766,0.01865,406.4,0.1552,0.04531,0.04515,76.37,11.69,2.158,0.2957,487.7,0.3251,0.1308,0.1395,86.12,12.98,0.2803,32.19
19.14,0.0,0.0,178.8,0.04878,0.0,0.0,47.98,7.729,2.492,0.3777,248.0,0.0834,0.0,0.0,57.17,9.077,0.3058,30.92
20.86,0.01494,0.05553,402.9,0.112,0.02594,0.06737,74.65,11.54,1.628,0.2784,457.8,0.2118,0.06918,0.1797,78.78,12.26,0.2329,19.68
23.11,0.01162,0.03829,656.4,0.123,0.0389,0.1009,95.81,14.47,2.615,0.2542,808.9,0.4202,0.1205,0.404,113.5,16.22,0.3187,31.73
27.41,0.01269,0.01947,668.6,0.07214,0.03027,0.04105,94.7,14.74,2.177,0.3031,826.4,0.1376,0.1095,0.1611,107.4,16.51,0.2722,32.29
17.85,0.009117,0.01498,538.4,0.06877,0.03275,0.02987,84.88,13.21,1.539,0.2351,629.6,0.1381,0.07958,0.1062,92.48,14.37,0.2473,37.17
23.12,0.009061,0.02615,584.8,0.1018,0.02369,0.03688,89.77,13.87,2.076,0.272,688.6,0.2037,0.06845,0.1377,99.17,15.05,0.2249,24.75
31.24,0.009064,0.02021,573.2,0.06747,0.02443,0.02974,87.19,13.62,2.066,0.346,729.8,0.1517,0.07174,0.1049,97.58,15.35,0.2642,29.09
12.97,0.005495,0.01012,324.9,0.04994,0.005495,0.01012,65.31,10.32,1.356,0.2104,384.9,0.08842,0.02381,0.04384,71.12,11.25,0.2681,21.77
7.326,0.01097,0.02613,320.8,0.08066,0.02438,0.04358,65.85,10.26,0.9887,0.1144,357.4,0.2246,0.08333,0.1783,71.08,10.83,0.2691,22.04
18.24,0.009615,0.02337,285.7,0.0503,0.009615,0.02337,61.05,9.683,2.054,0.2957,364.2,0.09546,0.03846,0.0935,69.1,10.93,0.2552,25.59
33.0,0.005917,0.01277,361.6,0.06602,0.00816,0.01548,68.89,10.82,3.564,0.5196,505.6,0.1633,0.03264,0.06194,83.9,13.03,0.3059,31.45
20.67,0.0,0.0,360.5,0.04227,0.0,0.0,68.51,10.86,2.115,0.3163,412.3,0.07348,0.0,0.0,74.08,11.66,0.2458,24.77
17.85,0.01024,0.03445,378.4,0.08194,0.02257,0.04824,71.49,11.13,1.994,0.28,436.6,0.1782,0.06413,0.1564,77.8,12.02,0.3169,28.26
18.76,0.009305,0.01328,507.9,0.04234,0.01499,0.01997,81.35,12.77,1.477,0.2409,594.7,0.1064,0.06498,0.08653,88.1,13.87,0.2407,36.0
17.86,0.01282,0.03996,264.0,0.05605,0.01282,0.03996,59.01,9.333,2.121,0.3013,295.8,0.08298,0.02564,0.07993,62.86,9.845,0.2435,25.05
16.83,0.00762,0.03898,514.3,0.05824,0.02343,0.06195,82.5,12.88,1.502,0.2116,595.7,0.162,0.06493,0.2439,88.84,13.89,0.2372,35.74
14.46,0.01721,0.04804,321.4,0.07658,0.02738,0.05999,65.67,10.29,1.437,0.2199,357.6,0.171,0.09127,0.2,69.57,10.84,0.2226,34.91
16.8,0.007082,0.004174,311.7,0.07504,0.01116,0.005025,64.73,10.16,1.648,0.2441,347.3,0.12,0.02232,0.01005,67.88,10.65,0.2262,22.88
19.54,0.01606,0.06578,657.1,0.133,0.03736,0.1029,96.39,14.59,2.224,0.2254,733.5,0.3171,0.1105,0.3662,105.9,15.48,0.2258,27.27
29.84,0.01626,0.02071,600.4,0.1126,0.04304,0.04462,91.38,14.05,2.888,0.3645,706.7,0.2264,0.1048,0.1326,100.2,15.3,0.225,33.17
48.55,0.01557,0.0473,858.1,0.1023,0.05302,0.09251,108.3,16.6,3.425,0.4564,1124.0,0.3094,0.1418,0.3403,126.7,18.98,0.2218,34.12
